,relu,lr
0,-0.4,0.0021
1,-0.2,0.00454
2,0.0,0.01296
3,0.2,0.00419
4,0.4,0.00138
5,0.6,0.00086
6,0.8,0.00041
7,1.0,0.00063
