,relu,lr
0,-0.4,0.01895
1,-0.2,0.00761
2,0.0,0.01202
3,0.2,0.01108
4,0.4,0.00891
5,0.6,0.00318
6,0.8,0.015
7,1.0,0.01299
