,relu,lr
0,0.0,0.00035
1,2.0,0.00037
2,4.0,0.00021
3,6.0,0.00017
4,8.0,0.00028
5,10.0,0.00023
6,50.0,0.00106
