,relu,lr
0,-50.0,0.00529
1,-10.0,0.01586
2,-1.0,0.00527
3,-0.8,0.0063
4,-0.6,0.01348
5,-0.4,0.00646
6,-0.2,0.01317
7,0.0,0.00837
8,0.2,0.00703
9,0.4,0.00432
10,0.6,0.01576
11,0.8,0.00551
12,1.0,0.00659
13,10.0,0.00621
14,50.0,0.01465
