,relu,lr
0,-0.2,0.02551
1,0.6,0.00312
2,0.4,0.00288
3,0.8,0.00244
4,-0.4,0.01027
5,0.2,0.01828
6,1.0,0.01155
7,0.0,0.00776
