,relu,lr
0,0.0,0.00018
1,2.0,0.00014
2,4.0,0.00014
3,6.0,0.00034
4,8.0,0.00013
5,10.0,0.00014
6,50.0,8e-05
