,relu,lr
0,8.0,0.0042
1,50.0,0.00498
2,6.0,0.00177
3,2.0,0.00733
4,4.0,0.00624
5,0.0,0.00117
6,10.0,0.00284
