,relu,lr
0,0.0,0.00062
1,2.0,0.0007
2,4.0,0.00057
3,6.0,0.00065
4,8.0,0.00162
5,10.0,0.00099
6,50.0,0.00025
