,relu,lr
0,-50.0,0.00022
1,-10.0,0.00035
2,-1.0,0.01863
3,-0.8,0.01207
4,-0.6,0.01377
5,-0.4,0.00855
6,-0.2,0.01048
7,0.0,0.01526
8,0.2,0.01053
9,0.4,0.01224
10,0.6,0.00647
11,0.8,0.02818
12,1.0,0.01736
13,10.0,0.00967
14,50.0,0.00412
