,relu,lr
0,-0.4,0.00341
1,-0.2,0.00283
2,0.0,0.00369
3,0.2,0.00832
4,0.4,0.0062
5,0.6,0.00271
6,0.8,0.00354
7,1.0,0.00316
